method,seed,bits,noise_std,mse_interp,mse_extrap,l_physics,train_s
A_StdNN,0,2,0.0,1.8799161911010742,3.171321392059326,10.885893821716309,5.205283164978027
A_StdNN,0,2,0.05,1.8340460062026978,3.071957588195801,10.32998275756836,5.205283164978027
A_StdNN,0,2,0.1,1.7596126794815063,2.836728096008301,10.10378646850586,5.205283164978027
A_StdNN,0,4,0.0,0.004497469402849674,0.6146976947784424,1.6323575973510742,5.205283164978027
A_StdNN,0,4,0.05,0.00420603109523654,0.6097096800804138,1.4974924325942993,5.205283164978027
A_StdNN,0,4,0.1,0.0049099428579211235,0.5722423195838928,1.2714745998382568,5.205283164978027
A_StdNN,0,6,0.0,0.0028393755201250315,0.5279595851898193,1.3994625806808472,5.205283164978027
A_StdNN,0,6,0.05,0.0032985624857246876,0.5249826908111572,1.3095489740371704,5.205283164978027
A_StdNN,0,6,0.1,0.003927414305508137,0.5007814764976501,1.167480707168579,5.205283164978027
A_StdNN,0,8,0.0,0.002634003758430481,0.5285356640815735,1.3978275060653687,5.205283164978027
A_StdNN,0,8,0.05,0.002739492105320096,0.526339590549469,1.2986884117126465,5.205283164978027
A_StdNN,0,8,0.1,0.0033930628560483456,0.5034803152084351,1.1499766111373901,5.205283164978027
A_StdNN,1,2,0.0,0.26371681690216064,0.3532596826553345,1.1904878616333008,5.250575542449951
A_StdNN,1,2,0.05,0.2680009603500366,0.35608264803886414,1.2821824550628662,5.250575542449951
A_StdNN,1,2,0.1,0.2739059031009674,0.370288610458374,1.3622004985809326,5.250575542449951
A_StdNN,1,4,0.0,0.0050792633555829525,0.45815956592559814,1.221739649772644,5.250575542449951
A_StdNN,1,4,0.05,0.0043227835558354855,0.45694175362586975,1.2108620405197144,5.250575542449951
A_StdNN,1,4,0.1,0.004059094935655594,0.43217745423316956,1.1821991205215454,5.250575542449951
A_StdNN,1,6,0.0,0.0037599559873342514,0.4806768000125885,1.2779449224472046,5.250575542449951
A_StdNN,1,6,0.05,0.0036843973211944103,0.4797706604003906,1.2480151653289795,5.250575542449951
A_StdNN,1,6,0.1,0.004621173720806837,0.45854121446609497,1.2030690908432007,5.250575542449951
A_StdNN,1,8,0.0,0.004065143875777721,0.4909629821777344,1.305195689201355,5.250575542449951
A_StdNN,1,8,0.05,0.0038593581411987543,0.49074721336364746,1.2770589590072632,5.250575542449951
A_StdNN,1,8,0.1,0.004517069552093744,0.46959957480430603,1.2330639362335205,5.250575542449951
A_StdNN,2,2,0.0,2.021742820739746,3.626734972000122,12.282010078430176,1.5938584804534912
A_StdNN,2,2,0.05,1.9854236841201782,3.5420267581939697,14.603473663330078,1.5938584804534912
A_StdNN,2,2,0.1,1.934493899345398,3.3803155422210693,16.59315299987793,1.5938584804534912
A_StdNN,2,4,0.0,0.01021666917949915,0.29714640974998474,0.7933087944984436,1.5938584804534912
A_StdNN,2,4,0.05,0.010415945202112198,0.2972448468208313,0.7080730199813843,1.5938584804534912
A_StdNN,2,4,0.1,0.01240044366568327,0.2846689522266388,0.6118649840354919,1.5938584804534912
A_StdNN,2,6,0.0,0.0055099185556173325,0.3267853856086731,0.8695507049560547,1.5938584804534912
A_StdNN,2,6,0.05,0.005549352616071701,0.32841575145721436,0.7824077606201172,1.5938584804534912
A_StdNN,2,6,0.1,0.007003179285675287,0.3186720013618469,0.6854444146156311,1.5938584804534912
A_StdNN,2,8,0.0,0.003482065163552761,0.32857590913772583,0.8744277954101562,1.5938584804534912
A_StdNN,2,8,0.05,0.003619626397266984,0.3299359381198883,0.7843625545501709,1.5938584804534912
A_StdNN,2,8,0.1,0.004699544981122017,0.3213602900505066,0.6855359077453613,1.5938584804534912
A_StdNN,3,2,0.0,0.9602259993553162,1.9712939262390137,6.391458511352539,1.6341314315795898
A_StdNN,3,2,0.05,0.9464446902275085,1.8669445514678955,7.5642828941345215,1.6341314315795898
A_StdNN,3,2,0.1,0.9261335730552673,1.7430285215377808,8.968313217163086,1.6341314315795898
A_StdNN,3,4,0.0,0.008424527011811733,0.5306247472763062,1.4189257621765137,1.6341314315795898
A_StdNN,3,4,0.05,0.008268957026302814,0.5116150975227356,1.357696771621704,1.6341314315795898
A_StdNN,3,4,0.1,0.009721021167933941,0.4582592844963074,1.2701818943023682,1.6341314315795898
A_StdNN,3,6,0.0,0.003566776169463992,0.5651267170906067,1.511432409286499,1.6341314315795898
A_StdNN,3,6,0.05,0.0036980542354285717,0.5488135814666748,1.4401615858078003,1.6341314315795898
A_StdNN,3,6,0.1,0.004646384622901678,0.5025535821914673,1.338574767112732,1.6341314315795898
A_StdNN,3,8,0.0,0.003214137628674507,0.5800591707229614,1.5525435209274292,1.6341314315795898
A_StdNN,3,8,0.05,0.003346517914906144,0.5632203817367554,1.482481837272644,1.6341314315795898
A_StdNN,3,8,0.1,0.004076061770319939,0.5154474973678589,1.3777647018432617,1.6341314315795898
A_StdNN,4,2,0.0,0.36690372228622437,0.5904431939125061,2.0174732208251953,1.9372484683990479
A_StdNN,4,2,0.05,0.37625399231910706,0.6329523921012878,2.5854721069335938,1.9372484683990479
A_StdNN,4,2,0.1,0.3865942358970642,0.6726864576339722,3.021211862564087,1.9372484683990479
A_StdNN,4,4,0.0,0.011303650215268135,0.7489383220672607,2.036709785461426,1.9372484683990479
A_StdNN,4,4,0.05,0.009135791100561619,0.7252179980278015,1.8623104095458984,1.9372484683990479
A_StdNN,4,4,0.1,0.006577870808541775,0.6657952666282654,1.6445661783218384,1.9372484683990479
A_StdNN,4,6,0.0,0.005474358797073364,0.6424406170845032,1.744221568107605,1.9372484683990479
A_StdNN,4,6,0.05,0.004517693072557449,0.6208270192146301,1.5840948820114136,1.9372484683990479
A_StdNN,4,6,0.1,0.004014809615910053,0.5683262944221497,1.3727731704711914,1.9372484683990479
A_StdNN,4,8,0.0,0.004810674116015434,0.6683940291404724,1.8130332231521606,1.9372484683990479
A_StdNN,4,8,0.05,0.004070402588695288,0.6464803218841553,1.632066011428833,1.9372484683990479
A_StdNN,4,8,0.1,0.003873119130730629,0.5924063920974731,1.3971333503723145,1.9372484683990479
B_PINN,0,2,0.0,1.1685372591018677,0.7926968932151794,3.418276786804199,11.56701111793518
B_PINN,0,2,0.05,1.153846025466919,0.7401542067527771,4.574902057647705,11.56701111793518
B_PINN,0,2,0.1,1.132591962814331,0.6626072525978088,5.148863792419434,11.56701111793518
B_PINN,0,4,0.0,0.010213966481387615,0.04791443794965744,0.11958374083042145,11.56701111793518
B_PINN,0,4,0.05,0.008664246648550034,0.04910404235124588,0.12554021179676056,11.56701111793518
B_PINN,0,4,0.1,0.007498464547097683,0.051399115473032,0.1361318975687027,11.56701111793518
B_PINN,0,6,0.0,0.007947309873998165,0.01351084467023611,0.02160820923745632,11.56701111793518
B_PINN,0,6,0.05,0.010323967784643173,0.013273601420223713,0.02895418182015419,11.56701111793518
B_PINN,0,6,0.1,0.014583608135581017,0.013137120753526688,0.05042821541428566,11.56701111793518
B_PINN,0,8,0.0,0.004813130479305983,0.014682900160551071,0.020954230800271034,11.56701111793518
B_PINN,0,8,0.05,0.005459006875753403,0.014913472346961498,0.036701153963804245,11.56701111793518
B_PINN,0,8,0.1,0.0075061870738863945,0.016424523666501045,0.06606116890907288,11.56701111793518
B_PINN,1,2,0.0,2.268824338912964,2.867656946182251,10.413976669311523,16.301187992095947
B_PINN,1,2,0.05,2.245701313018799,2.7586493492126465,9.87711238861084,16.301187992095947
B_PINN,1,2,0.1,2.198244571685791,2.4905765056610107,9.25130844116211,16.301187992095947
B_PINN,1,4,0.0,0.00908887293189764,0.045522235333919525,0.10764172673225403,16.301187992095947
B_PINN,1,4,0.05,0.006321792025119066,0.04692590609192848,0.11496645957231522,16.301187992095947
B_PINN,1,4,0.1,0.0026796874590218067,0.05078532546758652,0.12390404939651489,16.301187992095947
B_PINN,1,6,0.0,0.001967788441106677,0.014425312168896198,0.019124304875731468,16.301187992095947
B_PINN,1,6,0.05,0.0026116252411156893,0.014967831782996655,0.022449960932135582,16.301187992095947
B_PINN,1,6,0.1,0.005397507455199957,0.016060810536146164,0.03075479529798031,16.301187992095947
B_PINN,1,8,0.0,0.0027498684357851744,0.012892481870949268,0.016340816393494606,16.301187992095947
B_PINN,1,8,0.05,0.003479969222098589,0.01334293931722641,0.02047416940331459,16.301187992095947
B_PINN,1,8,0.1,0.006362331099808216,0.0142985749989748,0.02980121225118637,16.301187992095947
B_PINN,2,2,0.0,0.22154594957828522,0.02894236147403717,0.19886428117752075,12.16583776473999
B_PINN,2,2,0.05,0.22402730584144592,0.030002348124980927,0.11523422598838806,12.16583776473999
B_PINN,2,2,0.1,0.22670787572860718,0.028598161414265633,0.20104056596755981,12.16583776473999
B_PINN,2,4,0.0,0.0028275346849113703,0.016499929130077362,0.023979902267456055,12.16583776473999
B_PINN,2,4,0.05,0.00409644516184926,0.01726328209042549,0.05204598605632782,12.16583776473999
B_PINN,2,4,0.1,0.007522739004343748,0.01826588064432144,0.1391758918762207,12.16583776473999
B_PINN,2,6,0.0,0.00511042820289731,0.008442908525466919,0.010299772024154663,12.16583776473999
B_PINN,2,6,0.05,0.006865483708679676,0.00955939944833517,0.058777403086423874,12.16583776473999
B_PINN,2,6,0.1,0.010744580067694187,0.012391623109579086,0.2027910202741623,12.16583776473999
B_PINN,2,8,0.0,0.0031706022564321756,0.00906936265528202,0.009699405170977116,12.16583776473999
B_PINN,2,8,0.05,0.004552136175334454,0.009784739464521408,0.04470891132950783,12.16583776473999
B_PINN,2,8,0.1,0.007797630969434977,0.011824142187833786,0.17504143714904785,12.16583776473999
B_PINN,3,2,0.0,1.999039888381958,1.1557201147079468,5.2565226554870605,15.38068962097168
B_PINN,3,2,0.05,2.014345169067383,1.046483039855957,4.328310012817383,15.38068962097168
B_PINN,3,2,0.1,2.026435136795044,0.9218945503234863,3.6206769943237305,15.38068962097168
B_PINN,3,4,0.0,0.01581006497144699,0.015548866242170334,0.02653641067445278,15.38068962097168
B_PINN,3,4,0.05,0.01644239015877247,0.014790091663599014,0.022172532975673676,15.38068962097168
B_PINN,3,4,0.1,0.017599601298570633,0.01497892290353775,0.023148778825998306,15.38068962097168
B_PINN,3,6,0.0,0.014081304892897606,0.012392508797347546,0.02190081775188446,15.38068962097168
B_PINN,3,6,0.05,0.015020584687590599,0.01193331927061081,0.025576747953891754,15.38068962097168
B_PINN,3,6,0.1,0.017241256311535835,0.011261297389864922,0.030438687652349472,15.38068962097168
B_PINN,3,8,0.0,0.010484449565410614,0.016044747084379196,0.025461722165346146,15.38068962097168
B_PINN,3,8,0.05,0.0112955616787076,0.015230242162942886,0.024658478796482086,15.38068962097168
B_PINN,3,8,0.1,0.013004795648157597,0.01483745314180851,0.026389161124825478,15.38068962097168
B_PINN,4,2,0.0,0.5615428686141968,0.06559669971466064,0.639687180519104,13.2147696018219
B_PINN,4,2,0.05,0.543580949306488,0.07801010459661484,0.47158360481262207,13.2147696018219
B_PINN,4,2,0.1,0.5249572992324829,0.07970711588859558,0.37013304233551025,13.2147696018219
B_PINN,4,4,0.0,0.026030687615275383,0.018286054953932762,0.05760534107685089,13.2147696018219
B_PINN,4,4,0.05,0.029249729588627815,0.01798475719988346,0.08207236230373383,13.2147696018219
B_PINN,4,4,0.1,0.036013163626194,0.016061773523688316,0.1106935366988182,13.2147696018219
B_PINN,4,6,0.0,0.010551384650170803,0.012965166941285133,0.026228968054056168,13.2147696018219
B_PINN,4,6,0.05,0.011340531520545483,0.014858655631542206,0.029597807675600052,13.2147696018219
B_PINN,4,6,0.1,0.014049657620489597,0.01741832308471203,0.04259312152862549,13.2147696018219
B_PINN,4,8,0.0,0.008865544572472572,0.015436636283993721,0.02870233915746212,13.2147696018219
B_PINN,4,8,0.05,0.009366285987198353,0.018132910132408142,0.02660088613629341,13.2147696018219
B_PINN,4,8,0.1,0.01174242701381445,0.02192245051264763,0.03603259101510048,13.2147696018219
D_AdaPINN,0,2,0.0,0.13764767348766327,0.07265228778123856,0.2838467061519623,14.975871324539185
D_AdaPINN,0,2,0.05,0.14533314108848572,0.06968702375888824,0.2019137591123581,14.975871324539185
D_AdaPINN,0,2,0.1,0.1548444926738739,0.06240059807896614,0.14189191162586212,14.975871324539185
D_AdaPINN,0,4,0.0,0.01926972158253193,0.01632213406264782,0.03317726403474808,14.975871324539185
D_AdaPINN,0,4,0.05,0.022238219156861305,0.016621707007288933,0.0454801544547081,14.975871324539185
D_AdaPINN,0,4,0.1,0.027099739760160446,0.017961127683520317,0.08148818463087082,14.975871324539185
D_AdaPINN,0,6,0.0,0.01586734503507614,0.022328199818730354,0.04576960206031799,14.975871324539185
D_AdaPINN,0,6,0.05,0.01846308261156082,0.02286642976105213,0.0655539482831955,14.975871324539185
D_AdaPINN,0,6,0.1,0.022921351715922356,0.024779019877314568,0.11064455658197403,14.975871324539185
D_AdaPINN,0,8,0.0,0.018360625952482224,0.018112463876605034,0.037218719720840454,14.975871324539185
D_AdaPINN,0,8,0.05,0.02126200869679451,0.018565360456705093,0.05109928920865059,14.975871324539185
D_AdaPINN,0,8,0.1,0.026076126843690872,0.020205551758408546,0.08980977535247803,14.975871324539185
D_AdaPINN,1,2,0.0,0.005899784620851278,0.01851719617843628,0.031266938894987106,13.738012552261353
D_AdaPINN,1,2,0.05,0.006548251491039991,0.01839432120323181,0.036086637526750565,13.738012552261353
D_AdaPINN,1,2,0.1,0.009521188214421272,0.018060149624943733,0.051149677485227585,13.738012552261353
D_AdaPINN,1,4,0.0,0.03415147215127945,0.026208961382508278,0.07837770879268646,13.738012552261353
D_AdaPINN,1,4,0.05,0.031612519174814224,0.027010602876544,0.061047960072755814,13.738012552261353
D_AdaPINN,1,4,0.1,0.027947604656219482,0.028424646705389023,0.045988138765096664,13.738012552261353
D_AdaPINN,1,6,0.0,0.028444133698940277,0.020439064130187035,0.056413523852825165,13.738012552261353
D_AdaPINN,1,6,0.05,0.026478512212634087,0.02056746557354927,0.044752076268196106,13.738012552261353
D_AdaPINN,1,6,0.1,0.02426084503531456,0.020604247227311134,0.036977291107177734,13.738012552261353
D_AdaPINN,1,8,0.0,0.027481310069561005,0.020528636872768402,0.0553896389901638,13.738012552261353
D_AdaPINN,1,8,0.05,0.025514541193842888,0.020690366625785828,0.04398101940751076,13.738012552261353
D_AdaPINN,1,8,0.1,0.023247573524713516,0.020796185359358788,0.03629292547702789,13.738012552261353
D_AdaPINN,2,2,0.0,0.08933020383119583,0.13299530744552612,0.44103285670280457,13.340235710144043
D_AdaPINN,2,2,0.05,0.09070562571287155,0.1341698318719864,0.3237886428833008,13.340235710144043
D_AdaPINN,2,2,0.1,0.08976474404335022,0.1388617306947708,0.23846425116062164,13.340235710144043
D_AdaPINN,2,4,0.0,0.0068859742023050785,0.010807863436639309,0.015393589623272419,13.340235710144043
D_AdaPINN,2,4,0.05,0.00768648087978363,0.01052218396216631,0.01983131654560566,13.340235710144043
D_AdaPINN,2,4,0.1,0.009462355636060238,0.010569100268185139,0.05180477350950241,13.340235710144043
D_AdaPINN,2,6,0.0,0.00936643872410059,0.009154397994279861,0.01376916840672493,13.340235710144043
D_AdaPINN,2,6,0.05,0.01003268826752901,0.009087571874260902,0.030380792915821075,13.340235710144043
D_AdaPINN,2,6,0.1,0.01201564446091652,0.009268436580896378,0.0733097493648529,13.340235710144043
D_AdaPINN,2,8,0.0,0.009915581904351711,0.009032605215907097,0.014151479117572308,13.340235710144043
D_AdaPINN,2,8,0.05,0.010534372180700302,0.008985066786408424,0.03279045969247818,13.340235710144043
D_AdaPINN,2,8,0.1,0.012517510913312435,0.009184710681438446,0.0782853439450264,13.340235710144043
D_AdaPINN,3,2,0.0,0.004553643055260181,0.046619024127721786,0.09975502640008926,11.534718036651611
D_AdaPINN,3,2,0.05,0.0052644251845777035,0.043343473225831985,0.07925479859113693,11.534718036651611
D_AdaPINN,3,2,0.1,0.0069053941406309605,0.041461896151304245,0.06605266034603119,11.534718036651611
D_AdaPINN,3,4,0.0,0.009867829270660877,0.019538728520274162,0.03055095672607422,11.534718036651611
D_AdaPINN,3,4,0.05,0.010987063869833946,0.018079016357660294,0.026416294276714325,11.534718036651611
D_AdaPINN,3,4,0.1,0.013678415678441525,0.017006680369377136,0.026517510414123535,11.534718036651611
D_AdaPINN,3,6,0.0,0.010566974990069866,0.01743217743933201,0.026309140026569366,11.534718036651611
D_AdaPINN,3,6,0.05,0.011771597899496555,0.016200046986341476,0.024195140227675438,11.534718036651611
D_AdaPINN,3,6,0.1,0.014793286100029945,0.015189670026302338,0.025761717930436134,11.534718036651611
D_AdaPINN,3,8,0.0,0.009080150164663792,0.02038409560918808,0.03236568719148636,11.534718036651611
D_AdaPINN,3,8,0.05,0.01015535369515419,0.01890208199620247,0.028062133118510246,11.534718036651611
D_AdaPINN,3,8,0.1,0.012837252579629421,0.017861157655715942,0.02781900390982628,11.534718036651611
D_AdaPINN,4,2,0.0,0.22013121843338013,0.20370760560035706,0.7883433103561401,11.123838901519775
D_AdaPINN,4,2,0.05,0.23301199078559875,0.20205172896385193,0.8050216436386108,11.123838901519775
D_AdaPINN,4,2,0.1,0.2540174722671509,0.1893969476222992,0.8159309029579163,11.123838901519775
D_AdaPINN,4,4,0.0,0.026619212701916695,0.009175043553113937,0.031190576031804085,11.123838901519775
D_AdaPINN,4,4,0.05,0.031167203560471535,0.010393551550805569,0.049621693789958954,11.123838901519775
D_AdaPINN,4,4,0.1,0.03961849585175514,0.012264765799045563,0.07980286329984665,11.123838901519775
D_AdaPINN,4,6,0.0,0.018586289137601852,0.009905251674354076,0.022430406883358955,11.123838901519775
D_AdaPINN,4,6,0.05,0.021703870967030525,0.011389958672225475,0.03597412258386612,11.123838901519775
D_AdaPINN,4,6,0.1,0.028171468526124954,0.013755767606198788,0.06157466769218445,11.123838901519775
D_AdaPINN,4,8,0.0,0.017003096640110016,0.010616831481456757,0.022581547498703003,11.123838901519775
D_AdaPINN,4,8,0.05,0.019922645762562752,0.012248175218701363,0.036845672875642776,11.123838901519775
D_AdaPINN,4,8,0.1,0.02607828564941883,0.015091207809746265,0.06385083496570587,11.123838901519775
